Workbook
Name k: 'Tổng hợp điểm '!$6:$6

Sheet Tổng hợp điểm 
B1: BẢNG ĐIỂM HK1 2018 - 2019 (CT428)
B2: Ma CB | C2: 1043 | D2: Ho va ten | F2: Nguyen Minh Trung
B3: Ma MH | C3: CT428 | D3: Ma NH | F3: 8
B4: Nam Hoc | C4: 2018 - 2019 | D4: Hoc ky | F4: 1
A6: S T T | B6: Mã SV | C6: Họ và Tên | D6: Điểm TH 1 | E6: Điểm TH 2 | F6: Điểm TH 3 | G6: Điểm BT lớn | H6: Điểm LT | I6: Điểm tổng | J6: Điểm theo thang điểm 10 | K6: Điểm chữ
A7: 1 | B7: 0B1505719 | C7: =VLOOKUP(RIGHT(B7,8),'Các bảng tham chiếu & thống kê'!$B$14:$C$27,2,0) -> Nguyễn Văn Hiếu | D7: =VLOOKUP(RIGHT(B7,8), 'Điểm thực hành các buổi'!$B$3:$F$16, 3, FALSE) -> 0.45 | E7: =VLOOKUP(RIGHT(B7,8), 'Điểm thực hành các buổi'!$B$3:$F$16, 4, FALSE) -> 0.25 | F7: =VLOOKUP(RIGHT(B7,8), 'Điểm thực hành các buổi'!$B$3:$F$16, 5, FALSE) -> 0.3 | G7: =VLOOKUP(RIGHT(B7,8), 'Điểm bài tập lớn'!$B$3:$D$16, 3, FALSE) -> 0.5 | H7: =VLOOKUP(RIGHT(B7,8), 'Điểm Lý Thuyết '!$B$3:$D$16, 3, FALSE) -> 4.2 | I7: =I8 -> 5.7 | J7: =IF(OR(G7=0,H7=-3),0, ROUND(IFERROR(VALUE(I7),0) +IFERROR(VLOOKUP(LEFT(B7,2),'Các bảng tham chiếu & thống kê'!$A$3:$B$10,2,FALSE),0),2)) -> 5.7 | K7: {=_xlfn.IFS( J7<4,"F", J7<5,"D", J7<5.5,"D+", J7<6.5,"C", J7<7,"C+", J7<8,"B", J7<9,"B+", J7>=9,"A" )} -> C
A8: 2 | B8: 1B1505915 | C8: =VLOOKUP(RIGHT(B8,8),'Các bảng tham chiếu & thống kê'!$B$14:$C$27,2,0) -> Lý Minh Chí | D8: =VLOOKUP(RIGHT(B8,8), 'Điểm thực hành các buổi'!$B$3:$F$16, 3, FALSE) -> 0.5 | E8: =VLOOKUP(RIGHT(B8,8), 'Điểm thực hành các buổi'!$B$3:$F$16, 4, FALSE) -> 0.35 | F8: =VLOOKUP(RIGHT(B8,8), 'Điểm thực hành các buổi'!$B$3:$F$16, 5, FALSE) -> 0.4 | G8: =VLOOKUP(RIGHT(B8,8), 'Điểm bài tập lớn'!$B$3:$D$16, 3, FALSE) -> 1 | H8: =VLOOKUP(RIGHT(B8,8), 'Điểm Lý Thuyết '!$B$3:$D$16, 3, FALSE) -> 5.8 | I8: =IF(H8=-3,0,ROUND(D8+E8+F8+G8+0.6*H8,1)) -> 5.7 | J8: =IF(OR(G8=0,H8=-3),0, ROUND(IFERROR(VALUE(I8),0) +IFERROR(VLOOKUP(LEFT(B8,2),'Các bảng tham chiếu & thống kê'!$A$3:$B$10,2,FALSE),0),2)) -> 5.7 | K8: {=_xlfn.IFS( J7<4,"F", J7<5,"D", J7<5.5,"D+", J7<6.5,"C", J7<7,"C+", J7<8,"B", J7<9,"B+", J7>=9,"A" )} -> C
A9: 3 | B9: 0B1509874 | C9: =VLOOKUP(RIGHT(B9,8),'Các bảng tham chiếu & thống kê'!$B$14:$C$27,2,0) -> Nguyễn Kiều Mi | D9: =VLOOKUP(RIGHT(B9,8), 'Điểm thực hành các buổi'!$B$3:$F$16, 3, FALSE) -> 0.25 | E9: =VLOOKUP(RIGHT(B9,8), 'Điểm thực hành các buổi'!$B$3:$F$16, 4, FALSE) -> 0.25 | F9: =VLOOKUP(RIGHT(B9,8), 'Điểm thực hành các buổi'!$B$3:$F$16, 5, FALSE) -> 0.3 | G9: =VLOOKUP(RIGHT(B9,8), 'Điểm bài tập lớn'!$B$3:$D$16, 3, FALSE) -> 0.5 | H9: =VLOOKUP(RIGHT(B9,8), 'Điểm Lý Thuyết '!$B$3:$D$16, 3, FALSE) -> 5.8 | I9: =IF(H9=-3,0,ROUND(D9+E9+F9+G9+0.6*H9,1)) -> 4.8 | J9: =IF(OR(G9=0,H9=-3),0, ROUND(IFERROR(VALUE(I9),0) +IFERROR(VLOOKUP(LEFT(B9,2),'Các bảng tham chiếu & thống kê'!$A$3:$B$10,2,FALSE),0),2)) -> 4.8 | K9: {=_xlfn.IFS( J8<4,"F", J8<5,"D", J8<5.5,"D+", J8<6.5,"C", J8<7,"C+", J8<8,"B", J8<9,"B+", J8>=9,"A" )} -> C
A10: 4 | B10: 0B1509929 | C10: =VLOOKUP(RIGHT(B10,8),'Các bảng tham chiếu & thống kê'!$B$14:$C$27,2,0) -> Đặng Duy Linh | D10: =VLOOKUP(RIGHT(B10,8), 'Điểm thực hành các buổi'!$B$3:$F$16, 3, FALSE) -> 0.4 | E10: =VLOOKUP(RIGHT(B10,8), 'Điểm thực hành các buổi'!$B$3:$F$16, 4, FALSE) -> 0.25 | F10: =VLOOKUP(RIGHT(B10,8), 'Điểm thực hành các buổi'!$B$3:$F$16, 5, FALSE) -> 0.35 | G10: =VLOOKUP(RIGHT(B10,8), 'Điểm bài tập lớn'!$B$3:$D$16, 3, FALSE) -> 1 | H10: =VLOOKUP(RIGHT(B10,8), 'Điểm Lý Thuyết '!$B$3:$D$16, 3, FALSE) -> 4.5 | I10: =IF(H10=-3,0,ROUND(D10+E10+F10+G10+0.6*H10,1)) -> 4.7 | J10: =IF(OR(G10=0,H10=-3),0, ROUND(IFERROR(VALUE(I10),0) +IFERROR(VLOOKUP(LEFT(B10,2),'Các bảng tham chiếu & thống kê'!$A$3:$B$10,2,FALSE),0),2)) -> 4.7 | K10: {=_xlfn.IFS( J9<4,"F", J9<5,"D", J9<5.5,"D+", J9<6.5,"C", J9<7,"C+", J9<8,"B", J9<9,"B+", J9>=9,"A" )} -> D
A11: 5 | B11: 2B1605223 | C11: =VLOOKUP(RIGHT(B11,8),'Các bảng tham chiếu & thống kê'!$B$14:$C$27,2,0) -> Lê Thị Trúc Linh | D11: =VLOOKUP(RIGHT(B11,8), 'Điểm thực hành các buổi'!$B$3:$F$16, 3, FALSE) -> 0.45 | E11: =VLOOKUP(RIGHT(B11,8), 'Điểm thực hành các buổi'!$B$3:$F$16, 4, FALSE) -> 0.4 | F11: =VLOOKUP(RIGHT(B11,8), 'Điểm thực hành các buổi'!$B$3:$F$16, 5, FALSE) -> 0.35 | G11: =VLOOKUP(RIGHT(B11,8), 'Điểm bài tập lớn'!$B$3:$D$16, 3, FALSE) -> 0.75 | H11: =VLOOKUP(RIGHT(B11,8), 'Điểm Lý Thuyết '!$B$3:$D$16, 3, FALSE) -> 5.5 | I11: =IF(H11=-3,0,ROUND(D11+E11+F11+G11+0.6*H11,1)) -> 5.3 | J11: =IF(OR(G11=0,H11=-3),0, ROUND(IFERROR(VALUE(I11),0) +IFERROR(VLOOKUP(LEFT(B11,2),'Các bảng tham chiếu & thống kê'!$A$3:$B$10,2,FALSE),0),2)) -> 5.3 | K11: {=_xlfn.IFS( J10<4,"F", J10<5,"D", J10<5.5,"D+", J10<6.5,"C", J10<7,"C+", J10<8,"B", J10<9,"B+", J10>=9,"A" )} -> D
A12: 6 | B12: 0B1605235 | C12: =VLOOKUP(RIGHT(B12,8),'Các bảng tham chiếu & thống kê'!$B$14:$C$27,2,0) -> Phạm Thị Huỳnh | D12: =VLOOKUP(RIGHT(B12,8), 'Điểm thực hành các buổi'!$B$3:$F$16, 3, FALSE) -> 0.4 | E12: =VLOOKUP(RIGHT(B12,8), 'Điểm thực hành các buổi'!$B$3:$F$16, 4, FALSE) -> 0.45 | F12: =VLOOKUP(RIGHT(B12,8), 'Điểm thực hành các buổi'!$B$3:$F$16, 5, FALSE) -> 0.5 | G12: =VLOOKUP(RIGHT(B12,8), 'Điểm bài tập lớn'!$B$3:$D$16, 3, FALSE) -> 1.2 | H12: =VLOOKUP(RIGHT(B12,8), 'Điểm Lý Thuyết '!$B$3:$D$16, 3, FALSE) -> 7.5 | I12: =IF(H12=-3,0,ROUND(D12+E12+F12+G12+0.6*H12,1)) -> 7.1 | J12: =IF(OR(G12=0,H12=-3),0, ROUND(IFERROR(VALUE(I12),0) +IFERROR(VLOOKUP(LEFT(B12,2),'Các bảng tham chiếu & thống kê'!$A$3:$B$10,2,FALSE),0),2)) -> 7.1 | K12: {=_xlfn.IFS( J11<4,"F", J11<5,"D", J11<5.5,"D+", J11<6.5,"C", J11<7,"C+", J11<8,"B", J11<9,"B+", J11>=9,"A" )} -> D+
A13: 7 | B13: 0B1605249 | C13: =VLOOKUP(RIGHT(B13,8),'Các bảng tham chiếu & thống kê'!$B$14:$C$27,2,0) -> Lê Minh Thông | D13: =VLOOKUP(RIGHT(B13,8), 'Điểm thực hành các buổi'!$B$3:$F$16, 3, FALSE) -> 0.4 | E13: =VLOOKUP(RIGHT(B13,8), 'Điểm thực hành các buổi'!$B$3:$F$16, 4, FALSE) -> 0.4 | F13: =VLOOKUP(RIGHT(B13,8), 'Điểm thực hành các buổi'!$B$3:$F$16, 5, FALSE) -> 0.4 | G13: =VLOOKUP(RIGHT(B13,8), 'Điểm bài tập lớn'!$B$3:$D$16, 3, FALSE) -> 1 | H13: =VLOOKUP(RIGHT(B13,8), 'Điểm Lý Thuyết '!$B$3:$D$16, 3, FALSE) -> 5.3 | I13: =IF(H13=-3,0,ROUND(D13+E13+F13+G13+0.6*H13,1)) -> 5.4 | J13: =IF(OR(G13=0,H13=-3),0, ROUND(IFERROR(VALUE(I13),0) +IFERROR(VLOOKUP(LEFT(B13,2),'Các bảng tham chiếu & thống kê'!$A$3:$B$10,2,FALSE),0),2)) -> 5.4 | K13: {=_xlfn.IFS( J12<4,"F", J12<5,"D", J12<5.5,"D+", J12<6.5,"C", J12<7,"C+", J12<8,"B", J12<9,"B+", J12>=9,"A" )} -> B
A14: 8 | B14: 0B1605285 | C14: =VLOOKUP(RIGHT(B14,8),'Các bảng tham chiếu & thống kê'!$B$14:$C$27,2,0) -> Huỳnh Thị Diễm | D14: =VLOOKUP(RIGHT(B14,8), 'Điểm thực hành các buổi'!$B$3:$F$16, 3, FALSE) -> 0.45 | E14: =VLOOKUP(RIGHT(B14,8), 'Điểm thực hành các buổi'!$B$3:$F$16, 4, FALSE) -> 0.4 | F14: =VLOOKUP(RIGHT(B14,8), 'Điểm thực hành các buổi'!$B$3:$F$16, 5, FALSE) -> 0.45 | G14: =VLOOKUP(RIGHT(B14,8), 'Điểm bài tập lớn'!$B$3:$D$16, 3, FALSE) -> 0 | H14: =VLOOKUP(RIGHT(B14,8), 'Điểm Lý Thuyết '!$B$3:$D$16, 3, FALSE) -> 6.8 | I14: =IF(H14=-3,0,ROUND(D14+E14+F14+G14+0.6*H14,1)) -> 5.4 | J14: =IF(OR(G14=0,H14=-3),0, ROUND(IFERROR(VALUE(I14),0) +IFERROR(VLOOKUP(LEFT(B14,2),'Các bảng tham chiếu & thống kê'!$A$3:$B$10,2,FALSE),0),2)) -> 0 | K14: {=_xlfn.IFS( J13<4,"F", J13<5,"D", J13<5.5,"D+", J13<6.5,"C", J13<7,"C+", J13<8,"B", J13<9,"B+", J13>=9,"A" )} -> D+
A15: 9 | B15: 0B1605291 | C15: =VLOOKUP(RIGHT(B15,8),'Các bảng tham chiếu & thống kê'!$B$14:$C$27,2,0) -> Trần Thanh Nguyên | D15: =VLOOKUP(RIGHT(B15,8), 'Điểm thực hành các buổi'!$B$3:$F$16, 3, FALSE) -> 0.45 | E15: =VLOOKUP(RIGHT(B15,8), 'Điểm thực hành các buổi'!$B$3:$F$16, 4, FALSE) -> 0.4 | F15: =VLOOKUP(RIGHT(B15,8), 'Điểm thực hành các buổi'!$B$3:$F$16, 5, FALSE) -> 0.4 | G15: =VLOOKUP(RIGHT(B15,8), 'Điểm bài tập lớn'!$B$3:$D$16, 3, FALSE) -> 0.75 | H15: =VLOOKUP(RIGHT(B15,8), 'Điểm Lý Thuyết '!$B$3:$D$16, 3, FALSE) -> 6.3 | I15: =IF(H15=-3,0,ROUND(D15+E15+F15+G15+0.6*H15,1)) -> 5.8 | J15: =IF(OR(G15=0,H15=-3),0, ROUND(IFERROR(VALUE(I15),0) +IFERROR(VLOOKUP(LEFT(B15,2),'Các bảng tham chiếu & thống kê'!$A$3:$B$10,2,FALSE),0),2)) -> 5.8 | K15: {=_xlfn.IFS( J14<4,"F", J14<5,"D", J14<5.5,"D+", J14<6.5,"C", J14<7,"C+", J14<8,"B", J14<9,"B+", J14>=9,"A" )} -> F
A16: 10 | B16: 1B1605344 | C16: =VLOOKUP(RIGHT(B16,8),'Các bảng tham chiếu & thống kê'!$B$14:$C$27,2,0) -> Nguyễn Thị Đào | D16: =VLOOKUP(RIGHT(B16,8), 'Điểm thực hành các buổi'!$B$3:$F$16, 3, FALSE) -> 0.3 | E16: =VLOOKUP(RIGHT(B16,8), 'Điểm thực hành các buổi'!$B$3:$F$16, 4, FALSE) -> 0.5 | F16: =VLOOKUP(RIGHT(B16,8), 'Điểm thực hành các buổi'!$B$3:$F$16, 5, FALSE) -> 0.45 | G16: =VLOOKUP(RIGHT(B16,8), 'Điểm bài tập lớn'!$B$3:$D$16, 3, FALSE) -> 0.3 | H16: =VLOOKUP(RIGHT(B16,8), 'Điểm Lý Thuyết '!$B$3:$D$16, 3, FALSE) -> 8.3 | I16: =IF(H16=-3,0,ROUND(D16+E16+F16+G16+0.6*H16,1)) -> 6.5 | J16: =IF(OR(G16=0,H16=-3),0, ROUND(IFERROR(VALUE(I16),0) +IFERROR(VLOOKUP(LEFT(B16,2),'Các bảng tham chiếu & thống kê'!$A$3:$B$10,2,FALSE),0),2)) -> 6.5 | K16: {=_xlfn.IFS( J15<4,"F", J15<5,"D", J15<5.5,"D+", J15<6.5,"C", J15<7,"C+", J15<8,"B", J15<9,"B+", J15>=9,"A" )} -> C
A17: 11 | B17: 4B1607025 | C17: =VLOOKUP(RIGHT(B17,8),'Các bảng tham chiếu & thống kê'!$B$14:$C$27,2,0) -> Nguyễn Chí Thanh | D17: =VLOOKUP(RIGHT(B17,8), 'Điểm thực hành các buổi'!$B$3:$F$16, 3, FALSE) -> 0.4 | E17: =VLOOKUP(RIGHT(B17,8), 'Điểm thực hành các buổi'!$B$3:$F$16, 4, FALSE) -> 0.45 | F17: =VLOOKUP(RIGHT(B17,8), 'Điểm thực hành các buổi'!$B$3:$F$16, 5, FALSE) -> 0.4 | G17: =VLOOKUP(RIGHT(B17,8), 'Điểm bài tập lớn'!$B$3:$D$16, 3, FALSE) -> 0.3 | H17: =VLOOKUP(RIGHT(B17,8), 'Điểm Lý Thuyết '!$B$3:$D$16, 3, FALSE) -> -3 | I17: =IF(H17=-3,0,ROUND(D17+E17+F17+G17+0.6*H17,1)) -> 0 | J17: =IF(OR(G17=0,H17=-3),0, ROUND(IFERROR(VALUE(I17),0) +IFERROR(VLOOKUP(LEFT(B17,2),'Các bảng tham chiếu & thống kê'!$A$3:$B$10,2,FALSE),0),2)) -> 0 | K17: {=_xlfn.IFS( J16<4,"F", J16<5,"D", J16<5.5,"D+", J16<6.5,"C", J16<7,"C+", J16<8,"B", J16<9,"B+", J16>=9,"A" )} -> C+
A18: 12 | B18: 2B1609759 | C18: =VLOOKUP(RIGHT(B18,8),'Các bảng tham chiếu & thống kê'!$B$14:$C$27,2,0) -> Nguyễn Hải Anh | D18: =VLOOKUP(RIGHT(B18,8), 'Điểm thực hành các buổi'!$B$3:$F$16, 3, FALSE) -> 0.5 | E18: =VLOOKUP(RIGHT(B18,8), 'Điểm thực hành các buổi'!$B$3:$F$16, 4, FALSE) -> 0.5 | F18: =VLOOKUP(RIGHT(B18,8), 'Điểm thực hành các buổi'!$B$3:$F$16, 5, FALSE) -> 0.45 | G18: =VLOOKUP(RIGHT(B18,8), 'Điểm bài tập lớn'!$B$3:$D$16, 3, FALSE) -> 1.5 | H18: =VLOOKUP(RIGHT(B18,8), 'Điểm Lý Thuyết '!$B$3:$D$16, 3, FALSE) -> 7 | I18: =IF(H18=-3,0,ROUND(D18+E18+F18+G18+0.6*H18,1)) -> 7.2 | J18: =IF(OR(G18=0,H18=-3),0, ROUND(IFERROR(VALUE(I18),0) +IFERROR(VLOOKUP(LEFT(B18,2),'Các bảng tham chiếu & thống kê'!$A$3:$B$10,2,FALSE),0),2)) -> 7.2 | K18: {=_xlfn.IFS( J17<4,"F", J17<5,"D", J17<5.5,"D+", J17<6.5,"C", J17<7,"C+", J17<8,"B", J17<9,"B+", J17>=9,"A" )} -> F
A19: 13 | B19: 5B1609765 | C19: =VLOOKUP(RIGHT(B19,8),'Các bảng tham chiếu & thống kê'!$B$14:$C$27,2,0) -> Trần Nam Dương | D19: =VLOOKUP(RIGHT(B19,8), 'Điểm thực hành các buổi'!$B$3:$F$16, 3, FALSE) -> 0.4 | E19: =VLOOKUP(RIGHT(B19,8), 'Điểm thực hành các buổi'!$B$3:$F$16, 4, FALSE) -> 0.4 | F19: =VLOOKUP(RIGHT(B19,8), 'Điểm thực hành các buổi'!$B$3:$F$16, 5, FALSE) -> 0.35 | G19: =VLOOKUP(RIGHT(B19,8), 'Điểm bài tập lớn'!$B$3:$D$16, 3, FALSE) -> 1.35 | H19: =VLOOKUP(RIGHT(B19,8), 'Điểm Lý Thuyết '!$B$3:$D$16, 3, FALSE) -> -3 | I19: =IF(H19=-3,0,ROUND(D19+E19+F19+G19+0.6*H19,1)) -> 0 | J19: =IF(OR(G19=0,H19=-3),0, ROUND(IFERROR(VALUE(I19),0) +IFERROR(VLOOKUP(LEFT(B19,2),'Các bảng tham chiếu & thống kê'!$A$3:$B$10,2,FALSE),0),2)) -> 0 | K19: {=_xlfn.IFS( J18<4,"F", J18<5,"D", J18<5.5,"D+", J18<6.5,"C", J18<7,"C+", J18<8,"B", J18<9,"B+", J18>=9,"A" )} -> B
A20: 14 | B20: 0B1609773 | C20: =VLOOKUP(RIGHT(B20,8),'Các bảng tham chiếu & thống kê'!$B$14:$C$27,2,0) -> Nguyễn Duy Khanh | D20: =VLOOKUP(RIGHT(B20,8), 'Điểm thực hành các buổi'!$B$3:$F$16, 3, FALSE) -> 0.35 | E20: =VLOOKUP(RIGHT(B20,8), 'Điểm thực hành các buổi'!$B$3:$F$16, 4, FALSE) -> 0.4 | F20: =VLOOKUP(RIGHT(B20,8), 'Điểm thực hành các buổi'!$B$3:$F$16, 5, FALSE) -> 0 | G20: =VLOOKUP(RIGHT(B20,8), 'Điểm bài tập lớn'!$B$3:$D$16, 3, FALSE) -> 0.85 | H20: =VLOOKUP(RIGHT(B20,8), 'Điểm Lý Thuyết '!$B$3:$D$16, 3, FALSE) -> 6.5 | I20: =IF(H20=-3,0,ROUND(D20+E20+F20+G20+0.6*H20,1)) -> 5.5 | J20: =IF(OR(G20=0,H20=-3),0, ROUND(IFERROR(VALUE(I20),0) +IFERROR(VLOOKUP(LEFT(B20,2),'Các bảng tham chiếu & thống kê'!$A$3:$B$10,2,FALSE),0),2)) -> 5.5 | K20: {=_xlfn.IFS( J19<4,"F", J19<5,"D", J19<5.5,"D+", J19<6.5,"C", J19<7,"C+", J19<8,"B", J19<9,"B+", J19>=9,"A" )} -> F

Sheet Điểm thực hành các buổi
A1: Điểm thực hành các buổi
A2: STT | B2: Mã SV | C2: Họ và tên | D2: Điểm TH 1 | E2: Điểm TH 2 | F2: Điểm TH 3
A3: =ROW()-2 -> 1 | B3: B1505719 | C3: Nguyễn Văn Hiếu | D3: 0.45 | E3: 0.25 | F3: 0.3
A4: =ROW()-2 -> 2 | B4: B1505915 | C4: Lý Minh Trí | D4: 0.5 | E4: 0.35 | F4: 0.4
A5: =ROW()-2 -> 3 | B5: B1509874 | C5: Nguyễn Kiều Mi | D5: 0.25 | E5: 0.25 | F5: 0.3
A6: =ROW()-2 -> 4 | B6: B1509929 | C6: Đặng Duy Linh | D6: 0.4 | E6: 0.25 | F6: 0.35
A7: =ROW()-2 -> 5 | B7: B1605223 | C7: Lê Thị Trúc Linh | D7: 0.45 | E7: 0.4 | F7: 0.35
A8: =ROW()-2 -> 6 | B8: B1605235 | C8: Phạm Thị Huỳnh | D8: 0.4 | E8: 0.45 | F8: 0.5
A9: =ROW()-2 -> 7 | B9: B1605249 | C9: Lê Minh Thông | D9: 0.4 | E9: 0.4 | F9: 0.4
A10: =ROW()-2 -> 8 | B10: B1605285 | C10: Huỳnh Thị Diễm | D10: 0.45 | E10: 0.4 | F10: 0.45
A11: =ROW()-2 -> 9 | B11: B1605291 | C11: Trần Thanh Nguyên | D11: 0.45 | E11: 0.4 | F11: 0.4
A12: =ROW()-2 -> 10 | B12: B1605344 | C12: Nguyễn Thị Đào | D12: 0.3 | E12: 0.5 | F12: 0.45
A13: =ROW()-2 -> 11 | B13: B1607025 | C13: Nguyễn Chí Thanh | D13: 0.4 | E13: 0.45 | F13: 0.4
A14: =ROW()-2 -> 12 | B14: B1609759 | C14: Nguyễn Hải Anh | D14: 0.5 | E14: 0.5 | F14: 0.45
... A16: =ROW()-2 -> 14 | B16: B1609773 | C16: Nguyễn Duy Khanh | D16: 0.35 | E16: 0.4 | F16: 0

Sheet Điểm bài tập lớn
A1: Điểm bài tập lớn
A2: STT | B2: Mã SV | C2: Họ và tên | D2: Điểm BT lớn
A3: =ROW()-2 -> 1 | B3: {='Điểm thực hành các buổi'!B3:B16} -> B1505719 | C3: {='Điểm thực hành các buổi'!C3:C16} -> Nguyễn Văn Hiếu | D3: 0.5
A4: =ROW()-2 -> 2 | B4: B1505915 | C4: Lý Minh Trí | D4: 1
A5: =ROW()-2 -> 3 | B5: B1509874 | C5: Nguyễn Kiều Mi | D5: 0.5
A6: =ROW()-2 -> 4 | B6: B1509929 | C6: Đặng Duy Linh | D6: 1
A7: =ROW()-2 -> 5 | B7: B1605223 | C7: Lê Thị Trúc Linh | D7: 0.75
A8: =ROW()-2 -> 6 | B8: B1605235 | C8: Phạm Thị Huỳnh | D8: 1.2
A9: =ROW()-2 -> 7 | B9: B1605249 | C9: Lê Minh Thông | D9: 1
A10: =ROW()-2 -> 8 | B10: B1605285 | C10: Huỳnh Thị Diễm | D10: 0
A11: =ROW()-2 -> 9 | B11: B1605291 | C11: Trần Thanh Nguyên | D11: 0.75
A12: =ROW()-2 -> 10 | B12: B1605344 | C12: Nguyễn Thị Đào | D12: 0.3
A13: =ROW()-2 -> 11 | B13: B1607025 | C13: Nguyễn Chí Thanh | D13: 0.3
A14: =ROW()-2 -> 12 | B14: B1609759 | C14: Nguyễn Hải Anh | D14: 1.5
A15: =ROW()-2 -> 13 | B15: B1609765 | C15: Trần Nam Dương | D15: 1.35
A16: =ROW()-2 -> 14 | B16: B1609773 | C16: Nguyễn Duy Khanh | D16: 0.85

Sheet Điểm Lý Thuyết 
A1: Điểm Lý Thuyết
A2: STT | B2: Mã SV | C2: Họ và tên | D2: Điểm lý thuyết
A3: =ROW()-2 -> 1 | B3: {='Điểm thực hành các buổi'!B3:B16} -> B1505719 | C3: {='Điểm thực hành các buổi'!C3:C16} -> Nguyễn Văn Hiếu | D3: 4.2
A4: =ROW()-2 -> 2 | B4: B1505915 | C4: Lý Minh Trí | D4: 5.8
A5: =ROW()-2 -> 3 | B5: B1509874 | C5: Nguyễn Kiều Mi | D5: 5.8
A6: =ROW()-2 -> 4 | B6: B1509929 | C6: Đặng Duy Linh | D6: 4.5
A7: =ROW()-2 -> 5 | B7: B1605223 | C7: Lê Thị Trúc Linh | D7: 5.5
A8: =ROW()-2 -> 6 | B8: B1605235 | C8: Phạm Thị Huỳnh | D8: 7.5
A9: =ROW()-2 -> 7 | B9: B1605249 | C9: Lê Minh Thông | D9: 5.3
A10: =ROW()-2 -> 8 | B10: B1605285 | C10: Huỳnh Thị Diễm | D10: 6.8
A11: =ROW()-2 -> 9 | B11: B1605291 | C11: Trần Thanh Nguyên | D11: 6.3
A12: =ROW()-2 -> 10 | B12: B1605344 | C12: Nguyễn Thị Đào | D12: 8.3
A13: =ROW()-2 -> 11 | B13: B1607025 | C13: Nguyễn Chí Thanh | D13: -3
A14: =ROW()-2 -> 12 | B14: B1609759 | C14: Nguyễn Hải Anh | D14: 7
A15: =ROW()-2 -> 13 | B15: B1609765 | C15: Trần Nam Dương | D15: -3
A16: =ROW()-2 -> 14 | B16: B1609773 | C16: Nguyễn Duy Khanh | D16: 6.5

Sheet Các bảng tham chiếu & thống kê
A1: Bảng quy đổi điểm | E1: Bảng điểm chuyên cần
A2: thang điểm 10 | B2: Điểm Chữ | C2: thang điểm 4 | E2: Số buổi vắng | F2: Điểm CT
A3: 0 | B3: F | C3: 0 | E3: 0 | F3: 1
A4: 4 | B4: D | C4: 1 | E4: 1 | F4: 0.5
A5: 5 | B5: D+ | C5: 1.5 | E5: 2 | F5: 0.25
A6: 5.5 | B6: C | C6: 2
A7: 6.5 | B7: C+ | C7: 2.5
A8: 7 | B8: B | C8: 3
A9: 8 | B9: B+ | C9: 3.5
A10: 9 | B10: A | C10: 4
A12: Danh sách sinh viên | E12: Bảng thống kê theo điểm chữ
A13: STT | B13: Mã SV | C13: Họ và tên | E13: Điểm chữ | F13: Số lượng sinh viên
A14: =ROW()-13 -> 1 | B14: B1509929 | C14: Đặng Duy Linh | E14: A | F14: =COUNTIF($J$14:$J$27,E14) -> 0
A15: =ROW()-13 -> 2 | B15: B1605285 | C15: Huỳnh Thị Diễm | E15: B+ | F15: =COUNTIF($J$14:$J$27,E15) -> 0
A16: =ROW()-13 -> 3 | B16: B1605291 | C16: Trần Thanh Nguyên | E16: B | F16: 2
A17: =ROW()-13 -> 4 | B17: B1605249 | C17: Lê Minh Thông | E17: C+ | F17: 1
A18: =ROW()-13 -> 5 | B18: B1605223 | C18: Lê Thị Trúc Linh | E18: C | F18: 3
A19: =ROW()-13 -> 6 | B19: B1505915 | C19: Lý Minh Chí | E19: D+ | F19: 2
A20: =ROW()-13 -> 7 | B20: B1607025 | C20: Nguyễn Chí Thanh | E20: D | F20: 2
A21: =ROW()-13 -> 8 | B21: B1609773 | C21: Nguyễn Duy Khanh | E21: F | F21: 3
A22: =ROW()-13 -> 9 | B22: B1609759 | C22: Nguyễn Hải Anh
A23: =ROW()-13 -> 10 | B23: B1509874 | C23: Nguyễn Kiều Mi | E23: Bảng thống kê sinh viên
A24: =ROW()-13 -> 11 | B24: B1605344 | C24: Nguyễn Thị Đào | E24: Số sinh viên điểm BT lớn = 0 hoặc điểm LT = -3 | F24: 2
A25: =ROW()-13 -> 12 | B25: B1505719 | C25: Nguyễn Văn Hiếu
A26: =ROW()-13 -> 13 | B26: B1605235 | C26: Phạm Thị Huỳnh
A27: =ROW()-13 -> 14 | B27: B1609765 | C27: Trần Nam Dương | E27: Số sinh viên nghỉ TH > 2 | F27: 0

Sheet Sinh viên > 7
A1: S T T | B1: Mã SV | C1: Họ và Tên | D1: Điểm TH 1 | E1: Điểm TH 2 | F1: Điểm TH 3 | G1: Điểm BT lớn | H1: Điểm LT | I1: Điểm tổng | J1: Điểm theo thang điểm 10 | K1: Điểm chữ
A2: 6 | B2: 0B1605235 | C2: Phạm Thị Huỳnh | D2: 0.4 | E2: 0.45 | F2: 0.5 | G2: 1.2 | H2: 7.5 | I2: 7.1 | J2: 7.1 | K2: B
A3: 12 | B3: 2B1609759 | C3: Nguyễn Hải Anh | D3: 0.5 | E3: 0.5 | F3: 0.45 | G3: 1.5 | H3: 7 | I3: 7.2 | J3: 7.2 | K3: B

Sheet Sinh viên < 7
A1: S T T | B1: Mã SV | C1: Họ và Tên | D1: Điểm TH 1 | E1: Điểm TH 2 | F1: Điểm TH 3 | G1: Điểm BT lớn | H1: Điểm LT | I1: Điểm tổng | J1: Điểm theo thang điểm 10 | K1: Điểm chữ
A2: 1 | B2: 0B1505719 | C2: Nguyễn Văn Hiếu | D2: 0.45 | E2: 0.25 | F2: 0.3 | G2: 0.5 | H2: 4.2 | I2: 5.7 | J2: 5.7 | K2: C
A3: 2 | B3: 1B1505915 | C3: Lý Minh Chí | D3: 0.5 | E3: 0.35 | F3: 0.4 | G3: 1 | H3: 5.8 | I3: 5.7 | J3: 5.7 | K3: C
A4: 3 | B4: 0B1509874 | C4: Nguyễn Kiều Mi | D4: 0.25 | E4: 0.25 | F4: 0.3 | G4: 0.5 | H4: 5.8 | I4: 4.8 | J4: 4.8 | K4: D
A5: 4 | B5: 0B1509929 | C5: Đặng Duy Linh | D5: 0.4 | E5: 0.25 | F5: 0.35 | G5: 1 | H5: 4.5 | I5: 4.7 | J5: 4.7 | K5: D
A6: 5 | B6: 2B1605223 | C6: Lê Thị Trúc Linh | D6: 0.45 | E6: 0.4 | F6: 0.35 | G6: 0.75 | H6: 5.5 | I6: 5.3 | J6: 5.3 | K6: D+
A7: 7 | B7: 0B1605249 | C7: Lê Minh Thông | D7: 0.4 | E7: 0.4 | F7: 0.4 | G7: 1 | H7: 5.3 | I7: 5.4 | J7: 5.4 | K7: D+
A8: 8 | B8: 0B1605285 | C8: Huỳnh Thị Diễm | D8: 0.45 | E8: 0.4 | F8: 0.45 | G8: 0 | H8: 6.8 | I8: 5.4 | J8: 0 | K8: F
A9: 9 | B9: 0B1605291 | C9: Trần Thanh Nguyên | D9: 0.45 | E9: 0.4 | F9: 0.4 | G9: 0.75 | H9: 6.3 | I9: 5.8 | J9: 5.8 | K9: C
A10: 10 | B10: 1B1605344 | C10: Nguyễn Thị Đào | D10: 0.3 | E10: 0.5 | F10: 0.45 | G10: 0.3 | H10: 8.3 | I10: 6.5 | J10: 6.5 | K10: C+
A11: 11 | B11: 4B1607025 | C11: Nguyễn Chí Thanh | D11: 0.4 | E11: 0.45 | F11: 0.4 | G11: 0.3 | H11: -3 | I11: 0 | J11: 0 | K11: F
A12: 13 | B12: 5B1609765 | C12: Trần Nam Dương | D12: 0.4 | E12: 0.4 | F12: 0.35 | G12: 1.35 | H12: -3 | I12: 0 | J12: 0 | K12: F
A13: 14 | B13: 0B1609773 | C13: Nguyễn Duy Khanh | D13: 0.35 | E13: 0.4 | F13: 0 | G13: 0.85 | H13: 6.5 | I13: 5.5 | J13: 5.5 | K13: C
